/*
-----------------------------------
   database: cookbk
   description: database for SQL Cook book 2nd edition
   dbms: postgres (PostgreSQL) 11.4
   author: Ludovico Pinzari
-----------------------------------
*/

-- START A TRANSACTION
BEGIN;

-- ********************************
-- DESTROY the cookbk database schema
-- ********************************

DROP TABLE IF EXISTS
     emp,
     dept,
     T1,
     T10,
     T100;

-- ********************************
-- CREATE the cookbk database schema, emp and dept tables
-- ********************************

--
-- Table structure for emp
--


CREATE TABLE emp (
        empno integer PRIMARY KEY,
        ename VARCHAR(10),
        job VARCHAR(9),
        mgr integer,
        hiredate DATE,
        sal integer,
        comm integer,
        deptno integer
);

--
-- Table structure for dept
--


CREATE TABLE dept (
        deptno integer PRIMARY KEY,
        dname VARCHAR(14),
        loc VARCHAR(13)
);


-- ********************************
-- POPULATE the emp and dept tables
-- ********************************

INSERT INTO emp
       (empno,ename,job,mgr,hiredate,sal,comm,deptno)
VALUES
       (7369,'SMITH','CLERK',7902,'2015-12-17',800,NULL,20),
       (7499,'ALLEN','SALESMAN',7698,'2006-01-20',1600,300,30),
       (7521,'WARD','SALESMAN',7698,'2006-2-22', 1250,500,30),
       (7566,'JONES','MANAGER',7839,'2006-4-2',2975, NULL, 20),
       (7654,'MARTIN','SALESMAN',7698,'2006-9-28',1250,1400,30),
       (7698, 'BLAKE','MANAGER',7839,'2006-5-1',2850,NULL,30),
       (7782, 'CLARK','MANAGER',7839,'2006-6-9',2450,NULL,10),
       (7788, 'SCOTT','ANALYST',7566,'2007-12-9',3000,NULL,20),
       (7839, 'KING','PRESIDENT',NULL,'2006-11-17',5000, NULL, 10),
       (7844, 'TURNER','SALESMAN',7698,'2006-9-8',1500,0,30),
       (7876, 'ADAMS','CLERK',7788,'2008-1-12',1100, NULL, 20),
       (7900, 'JAMES','CLERK',7698,'2006-12-3',950, NULL, 30),
       (7902, 'FORD','ANALYST',7566,'2006-12-3',3000, NULL, 20),
       (7934, 'MILLER', 'CLERK',7782,'2007-1-23', 1300, NULL, 10);

INSERT INTO dept
       (deptno,dname,loc)
VALUES
       (10, 'ACCOUNTING', 'NEW YORK'),
       (20, 'RESEARCH',   'DALLAS'),
       (30, 'SALES',      'CHICAGO'),
       (40, 'OPERATIONS', 'BOSTON');

-- ********************************
-- CREATE the database schema, T1,T10 nad T100 tables
-- ********************************


CREATE TABLE T1 (ID INTEGER);

INSERT INTO T1 VALUES (1);

CREATE TABLE T10 (ID INTEGER);

INSERT INTO T10 VALUES (1);
INSERT INTO T10 VALUES (2);
INSERT INTO T10 VALUES (3);
INSERT INTO T10 VALUES (4);
INSERT INTO T10 VALUES (5);
INSERT INTO T10 VALUES (6);
INSERT INTO T10 VALUES (7);
INSERT INTO T10 VALUES (8);
INSERT INTO T10 VALUES (9);
INSERT INTO T10 VALUES (10);


CREATE TABLE T100 (ID INTEGER);

INSERT INTO T100 VALUES (1);
INSERT INTO T100 VALUES (2);
INSERT INTO T100 VALUES (3);
INSERT INTO T100 VALUES (4);
INSERT INTO T100 VALUES (5);
INSERT INTO T100 VALUES (6);
INSERT INTO T100 VALUES (7);
INSERT INTO T100 VALUES (8);
INSERT INTO T100 VALUES (9);
INSERT INTO T100 VALUES (10);
INSERT INTO T100 VALUES (11);
INSERT INTO T100 VALUES (12);
INSERT INTO T100 VALUES (13);
INSERT INTO T100 VALUES (14);
INSERT INTO T100 VALUES (15);
INSERT INTO T100 VALUES (16);
INSERT INTO T100 VALUES (17);
INSERT INTO T100 VALUES (18);
INSERT INTO T100 VALUES (19);
INSERT INTO T100 VALUES (20);
INSERT INTO T100 VALUES (21);
INSERT INTO T100 VALUES (22);
INSERT INTO T100 VALUES (23);
INSERT INTO T100 VALUES (24);
INSERT INTO T100 VALUES (25);
INSERT INTO T100 VALUES (26);
INSERT INTO T100 VALUES (27);
INSERT INTO T100 VALUES (28);
INSERT INTO T100 VALUES (29);
INSERT INTO T100 VALUES (30);
INSERT INTO T100 VALUES (31);
INSERT INTO T100 VALUES (32);
INSERT INTO T100 VALUES (33);
INSERT INTO T100 VALUES (34);
INSERT INTO T100 VALUES (35);
INSERT INTO T100 VALUES (36);
INSERT INTO T100 VALUES (37);
INSERT INTO T100 VALUES (38);
INSERT INTO T100 VALUES (39);
INSERT INTO T100 VALUES (40);
INSERT INTO T100 VALUES (41);
INSERT INTO T100 VALUES (42);
INSERT INTO T100 VALUES (43);
INSERT INTO T100 VALUES (44);
INSERT INTO T100 VALUES (45);
INSERT INTO T100 VALUES (46);
INSERT INTO T100 VALUES (47);
INSERT INTO T100 VALUES (48);
INSERT INTO T100 VALUES (49);
INSERT INTO T100 VALUES (50);
INSERT INTO T100 VALUES (51);
INSERT INTO T100 VALUES (52);
INSERT INTO T100 VALUES (53);
INSERT INTO T100 VALUES (54);
INSERT INTO T100 VALUES (55);
INSERT INTO T100 VALUES (56);
INSERT INTO T100 VALUES (57);
INSERT INTO T100 VALUES (58);
INSERT INTO T100 VALUES (59);
INSERT INTO T100 VALUES (60);
INSERT INTO T100 VALUES (61);
INSERT INTO T100 VALUES (62);
INSERT INTO T100 VALUES (63);
INSERT INTO T100 VALUES (64);
INSERT INTO T100 VALUES (65);
INSERT INTO T100 VALUES (66);
INSERT INTO T100 VALUES (67);
INSERT INTO T100 VALUES (68);
INSERT INTO T100 VALUES (69);
INSERT INTO T100 VALUES (70);
INSERT INTO T100 VALUES (71);
INSERT INTO T100 VALUES (72);
INSERT INTO T100 VALUES (73);
INSERT INTO T100 VALUES (74);
INSERT INTO T100 VALUES (75);
INSERT INTO T100 VALUES (76);
INSERT INTO T100 VALUES (77);
INSERT INTO T100 VALUES (78);
INSERT INTO T100 VALUES (79);
INSERT INTO T100 VALUES (80);
INSERT INTO T100 VALUES (81);
INSERT INTO T100 VALUES (82);
INSERT INTO T100 VALUES (83);
INSERT INTO T100 VALUES (84);
INSERT INTO T100 VALUES (85);
INSERT INTO T100 VALUES (86);
INSERT INTO T100 VALUES (87);
INSERT INTO T100 VALUES (88);
INSERT INTO T100 VALUES (89);
INSERT INTO T100 VALUES (90);
INSERT INTO T100 VALUES (91);
INSERT INTO T100 VALUES (92);
INSERT INTO T100 VALUES (93);
INSERT INTO T100 VALUES (94);
INSERT INTO T100 VALUES (95);
INSERT INTO T100 VALUES (96);
INSERT INTO T100 VALUES (97);
INSERT INTO T100 VALUES (98);
INSERT INTO T100 VALUES (99);
INSERT INTO T100 VALUES (100);

-- COMMIT A TRANSACTION
COMMIT;
